Year,Event,Region,Status,Risk,Economy,Survival,Dossier,Leader,Impact_Scale,Power_Shift,Key_Tech,Geopolitical_Stakes,Redacted_Fact
1947,Marshall Plan,Europe,Stable,2,Growth,94%,US aid revives European markets.,Harry Truman,Economic,West (+),Logistics Systems,Containment of Communism,Secretly funded anti-communist unions.
1948,Berlin Blockade,Europe,Tension,7,Stagnation,62%,Cold War begins in earnest.,Joseph Stalin,Millions,Bipolar (Conflict),C-47 Skytrain,Access to West Berlin,US considered using atomic bombs if airbridge failed.
1950,Korean War,East Asia,Critical,9,Military,31%,Proxy war with global implications.,Kim Il-sung/Truman,2.5M+,East/West Divide,Jet Fighters (MiG-15),Survival of South Korea,Soviet pilots secretly flew for North Korea.
1962,Cuban Missile Crisis,Global,DEFCON 1,10,Panic,08%,Closest world has come to nuclear war.,JFK/Khrushchev,Extinction-Level,Near-Collapse,MRBM/ICBMs,Existence of Mankind,A Soviet submarine officer prevented a nuclear launch.
1969,Moon Landing,Global,Stable,1,Tech,98%,Space race peak; tech leap forward.,Neil Armstrong,Scientific,West (Prestige),Saturn V Rocket,Technological Dominance,US had a secret 'Moon Base' plan called Project Horizon.
1973,Oil Embargo,Global,High,8,Recession,42%,OPEC shifts global power balance.,King Faisal,Global,OPEC (+),Energy Markets,Energy Independence,US prepared plans to seize Saudi oil fields by force.
1989,Berlin Wall,Europe,Stable,2,Liberal,96%,End of Soviet influence in East Europe.,Mikhail Gorbachev,Political,West (+),Satellite TV,German Unification,Stasi burned 90% of secret files before the fall.
1991,USSR Collapse,Eurasia,High,6,Inflation,88%,Fall of a superpower; new world order.,Boris Yeltsin,290M (Citizens),Unipolar (US),Nuclear Command,Soviet Nuclear Security,Over 100 'suitcase nukes' reportedly went missing.
2001,9/11 Attacks,Global,Critical,9,Defense,72%,War on Terror begins; security shift.,Osama bin Laden,3000+,Non-State (+),Surveillance Tech,Global Security Doctrine,The hijackers were being tracked months prior.
2008,Financial Crash,Global,High,7,Collapse,81%,Global banking system near-failure.,Ben Bernanke,Trillions ($),Systemic Weakness,Algorithmic Trading,Global Economic Stability,Goldman Sachs profited while the market collapsed.
2014,Crimea Crisis,Europe,High,6,Sanctions,65%,Russia-Ukraine conflict origins.,Vladimir Putin,Thousands,East (+),Electronic Warfare,Sovereignty of Ukraine,Russian 'Little Green Men' used cell-signal jamming.
2020,Pandemic,Global,Critical,8,Recession,88%,Global health and economic shutdown.,World Leaders,7M+,Biological Impact,mRNA Vaccines,Species Survival,Lab-leak theory was suppressed for 18 months.
2022,Invasion of Ukraine,Europe,Critical,9,Crisis,34%,Major European conflict resumes.,Zelenskyy/Putin,Hundreds of Thousands,Global Polarization,Starlink/Drones,NATO Frontier Stability,Foreign special forces are active on the ground.
2023,Israel-Hamas,Middle East,High,8,Volatility,37%,Middle East instability increases.,Netanyahu/Hamas,Tens of Thousands,Regional Chaos,Iron Dome,Middle East Power Balance,Intelligence warnings from Egypt were ignored.
2024,AI Supremacy,Global,Stable,3,Revolution,92%,Machine intelligence shifts productivity.,Sam Altman,Systemic,Machine (+),AGI/LLMs,Cognitive Hegemony,AI has already bypassed Turing-test security.
2025,Mars Colony,Space,Stable,2,Expansion,95%,First human extraterrestrial base.,Elon Musk,Scientific,Trans-Planetary,Starship/Fusion,Species Multi-planarity,First Martian child is born in secret facility.
